<?xml version="1.0" encoding="UTF-8"?>
<project-private xmlns="http://www.netbeans.org/ns/project-private/1">
    <editor-bookmarks xmlns="http://www.netbeans.org/ns/editor-bookmarks/2" lastBookmarkId="0"/>
    <open-files xmlns="http://www.netbeans.org/ns/projectui-open-files/2">
        <group>
            <file>file:/C:/Users/Silvia/Documents/NetBeansProjects/ClienteSOAP/src/META-INF/wsdl/localhost_9876/servicos.wsdl</file>
            <file>file:/C:/Users/Silvia/Documents/NetBeansProjects/ClienteSOAP/build/generated-sources/jax-ws/servicos/ObjectFactory.java</file>
            <file>file:/C:/Users/Silvia/Documents/NetBeansProjects/ClienteSOAP/build/generated-sources/jax-ws/servicos/Pessoa.java</file>
            <file>file:/C:/Users/Silvia/Documents/NetBeansProjects/ClienteSOAP/build/generated-sources/jax-ws/servicos/BuscarTodosResponse.java</file>
            <file>file:/C:/Users/Silvia/Documents/NetBeansProjects/ClienteSOAP/build/generated-sources/jax-ws/servicos/ListaPessoas.java</file>
            <file>file:/C:/Users/Silvia/Documents/NetBeansProjects/ClienteSOAP/src/clientesoap/ClienteSOAP.java</file>
            <file>file:/C:/Users/Silvia/Documents/NetBeansProjects/ClienteSOAP/src/META-INF/jax-ws-catalog.xml</file>
            <file>file:/C:/Users/Silvia/Documents/NetBeansProjects/ClienteSOAP/build/generated-sources/jax-ws/servicos/BuscarTodos.java</file>
        </group>
    </open-files>
</project-private>
