<?xml version="1.0" encoding="UTF-8"?>
<project-private xmlns="http://www.netbeans.org/ns/project-private/1">
    <editor-bookmarks xmlns="http://www.netbeans.org/ns/editor-bookmarks/2" lastBookmarkId="0"/>
    <open-files xmlns="http://www.netbeans.org/ns/projectui-open-files/2">
        <group>
            <file>file:/C:/Users/Silvia/Documents/NetBeansProjects/Servicos_Servlets/src/java/servlets/Servlet2.java</file>
            <file>file:/C:/Users/Silvia/Documents/NetBeansProjects/Servicos_Servlets/src/java/servlets/Servlet5.java</file>
            <file>file:/C:/Users/Silvia/Documents/NetBeansProjects/Servicos_Servlets/web/index.html</file>
            <file>file:/C:/Users/Silvia/Documents/NetBeansProjects/Servicos_Servlets/web/WEB-INF/web.xml</file>
            <file>file:/C:/Users/Silvia/Documents/NetBeansProjects/Servicos_Servlets/src/conf/persistence.xml</file>
            <file>file:/C:/Users/Silvia/Documents/NetBeansProjects/Servicos_Servlets/src/java/dao/PessoaDAO.java</file>
            <file>file:/C:/Users/Silvia/Documents/NetBeansProjects/Servicos_Servlets/src/java/servlets/Servlet3.java</file>
            <file>file:/C:/Users/Silvia/Documents/NetBeansProjects/Servicos_Servlets/src/java/util/JAXBUtil.java</file>
            <file>file:/C:/Users/Silvia/Documents/NetBeansProjects/Servicos_Servlets/src/java/model/Pessoa.java</file>
            <file>file:/C:/Users/Silvia/Documents/NetBeansProjects/Servicos_Servlets/src/java/servlets/Servlet6.java</file>
            <file>file:/C:/Users/Silvia/Documents/NetBeansProjects/Servicos_Servlets/src/java/servlets/Servlet4.java</file>
            <file>file:/C:/Users/Silvia/Documents/NetBeansProjects/Servicos_Servlets/src/java/dao/JPAUtil.java</file>
            <file>file:/C:/Users/Silvia/Documents/NetBeansProjects/Servicos_Servlets/src/java/dominio/ListaPessoas.java</file>
        </group>
    </open-files>
</project-private>
