<?xml version="1.0" encoding="UTF-8"?>
<project-private xmlns="http://www.netbeans.org/ns/project-private/1">
    <editor-bookmarks xmlns="http://www.netbeans.org/ns/editor-bookmarks/2" lastBookmarkId="0"/>
    <open-files xmlns="http://www.netbeans.org/ns/projectui-open-files/2">
        <group>
            <file>file:/C:/Users/Silvia/Documents/NetBeansProjects/Servicos_SOAP/src/java/model/Pessoa.java</file>
            <file>file:/C:/Users/Silvia/Documents/NetBeansProjects/Servicos_SOAP/src/java/dao/PessoaDAO.java</file>
            <file>file:/C:/Users/Silvia/Documents/NetBeansProjects/Servicos_SOAP/web/index.html</file>
            <file>file:/C:/Users/Silvia/Documents/NetBeansProjects/Servicos_SOAP/web/WEB-INF/web.xml</file>
            <file>file:/C:/Users/Silvia/Documents/NetBeansProjects/Servicos_SOAP/src/java/servicos/ListaPessoas.java</file>
            <file>file:/C:/Users/Silvia/Documents/NetBeansProjects/Servicos_SOAP/web/WEB-INF/glassfish-resources.xml</file>
            <file>file:/C:/Users/Silvia/Documents/NetBeansProjects/Servicos_SOAP/src/conf/persistence.xml</file>
        </group>
    </open-files>
</project-private>
